{
    "frames": [
        {
            "filename": "4",
            "frame": {
                "w": 121,
                "h": 71,
                "x": 0,
                "y": 0
            },
            "anchor": {
                "x": 0.5,
                "y": 0.5
            }
        },
        {
            "filename": "8",
            "frame": {
                "w": 121,
                "h": 70,
                "x": 0,
                "y": 71
            },
            "anchor": {
                "x": 0.5,
                "y": 0.5
            }
        },
        {
            "filename": "2",
            "frame": {
                "w": 114,
                "h": 70,
                "x": 121,
                "y": 0
            },
            "anchor": {
                "x": 0.5,
                "y": 0.5
            }
        },
        {
            "filename": "3",
            "frame": {
                "w": 114,
                "h": 70,
                "x": 121,
                "y": 70
            },
            "anchor": {
                "x": 0.5,
                "y": 0.5
            }
        },
        {
            "filename": "7",
            "frame": {
                "w": 114,
                "h": 67,
                "x": 121,
                "y": 140
            },
            "anchor": {
                "x": 0.5,
                "y": 0.5
            }
        },
        {
            "filename": "6",
            "frame": {
                "w": 114,
                "h": 69,
                "x": 0,
                "y": 207
            },
            "anchor": {
                "x": 0.5,
                "y": 0.5
            }
        },
        {
            "filename": "12",
            "frame": {
                "w": 110,
                "h": 72,
                "x": 235,
                "y": 0
            },
            "anchor": {
                "x": 0.5,
                "y": 0.5
            }
        },
        {
            "filename": "11",
            "frame": {
                "w": 110,
                "h": 68,
                "x": 235,
                "y": 72
            },
            "anchor": {
                "x": 0.5,
                "y": 0.5
            }
        },
        {
            "filename": "10",
            "frame": {
                "w": 109,
                "h": 67,
                "x": 235,
                "y": 140
            },
            "anchor": {
                "x": 0.5,
                "y": 0.5
            }
        },
        {
            "filename": "5",
            "frame": {
                "w": 109,
                "h": 68,
                "x": 114,
                "y": 207
            },
            "anchor": {
                "x": 0.5,
                "y": 0.5
            }
        },
        {
            "filename": "9",
            "frame": {
                "w": 109,
                "h": 69,
                "x": 223,
                "y": 207
            },
            "anchor": {
                "x": 0.5,
                "y": 0.5
            }
        },
        {
            "filename": "1",
            "frame": {
                "w": 108,
                "h": 68,
                "x": 0,
                "y": 276
            },
            "anchor": {
                "x": 0.5,
                "y": 0.5
            }
        },
        {
            "filename": "13",
            "frame": {
                "w": 107,
                "h": 65,
                "x": 0,
                "y": 141
            },
            "anchor": {
                "x": 0.5,
                "y": 0.5
            }
        }
    ],
    "meta": {
        "description": "Atlas generado con Atlas Packer Gamma V2",
        "web": "https://gammafp.github.io/atlas-packer-phaser/"
    }
}