{
    "frames": [
        {
            "filename": "perro1",
            "frame": {
                "x": 0,
                "y": 0,
                "w": 42,
                "h": 51
            },
            "anchor": {
                "x": 0.5,
                "y": 0.5
            }
        },
        {
            "filename": "perro2",
            "frame": {
                "x": 42,
                "y": 0,
                "w": 40,
                "h": 51
            },
            "anchor": {
                "x": 0.5,
                "y": 0.5
            }
        },
        {
            "filename": "perro3",
            "frame": {
                "x": 82,
                "y": 0,
                "w": 39,
                "h": 51
            },
            "anchor": {
                "x": 0.5,
                "y": 0.5
            }
        },
        {
            "filename": "perro4",
            "frame": {
                "x": 0,
                "y": 51,
                "w": 38,
                "h": 51
            },
            "anchor": {
                "x": 0.5,
                "y": 0.5
            }
        },
        {
            "filename": "perro5",
            "frame": {
                "x": 38,
                "y": 51,
                "w": 46,
                "h": 51
            },
            "anchor": {
                "x": 0.5,
                "y": 0.5
            }
        }
    ],
    "meta": {
        "description": "Atlas generado con Atlas Packer Phaser3",
        "web": "https://gammafp.github.io/atlas-packer-phaser/"
    }
}